<!-- High Dynamic Range (HDR) Forward Shading Pipeline -->
<Pipeline>
	<Setup>
		<RenderTarget id="HDRBUF" depthBuf="true" numColBufs="1" format="RGBA16F" scale="1.0" maxSamples="16" />
		<RenderTarget id="BLURBUF1" depthBuf="false" numColBufs="1" format="RGBA8" scale="0.25" />
		<RenderTarget id="BLURBUF2" depthBuf="false" numColBufs="1" format="RGBA8" scale="0.25" />
	</Setup>
	
	<CommandQueue>
		<Stage id="Ambient" link="pipelines/globalSettings.material.xml">
			<SwitchTarget target="HDRBUF" />
			<ClearTarget depthBuf="true" colBuf0="true" />
			
			<DrawGeometry context="AMBIENT" class="~Translucent" />
		</Stage>
		
		<Stage id="Lighting">
			<DoForwardLightLoop class="~Translucent" />
		</Stage>
		
		<Stage id="Translucent">
			<DrawGeometry context="TRANSLUCENT" class="Translucent" order="BACK_TO_FRONT" />
		</Stage>
		
		<!-- HDR post processing -->
		<Stage id="BrightPass">
			<SwitchTarget target="BLURBUF1" />
			<BindBuffer sampler="buf0" sourceRT="HDRBUF" bufIndex="0" />
			<DrawQuad material="pipelines/postHDR.material.xml" context="BRIGHTPASS" />
			<UnbindBuffers />
		</Stage>
		
		<Stage id="Bloom">
			<SwitchTarget target="BLURBUF2" />
			<BindBuffer sampler="buf0" sourceRT="BLURBUF1" bufIndex="0" />
			<SetUniform material="pipelines/postHDR.material.xml" uniform="blurParams" a="0.0" />
			<DrawQuad material="pipelines/postHDR.material.xml" context="BLUR" />
			<SwitchTarget target="BLURBUF1" />
			<BindBuffer sampler="buf0" sourceRT="BLURBUF2" bufIndex="0" />
			<SetUniform material="pipelines/postHDR.material.xml" uniform="blurParams" a="1.0" />
			<DrawQuad material="pipelines/postHDR.material.xml" context="BLUR" />
			<SwitchTarget target="BLURBUF2" />
			<BindBuffer sampler="buf0" sourceRT="BLURBUF1" bufIndex="0" />
			<SetUniform material="pipelines/postHDR.material.xml" uniform="blurParams" a="2.0" />
			<DrawQuad material="pipelines/postHDR.material.xml" context="BLUR" />
			<SwitchTarget target="BLURBUF1" />
			<BindBuffer sampler="buf0" sourceRT="BLURBUF2" bufIndex="0" />
			<SetUniform material="pipelines/postHDR.material.xml" uniform="blurParams" a="3.0" />
			<DrawQuad material="pipelines/postHDR.material.xml" context="BLUR" />
			<UnbindBuffers />
		</Stage>
		
		<Stage id="Combination">
			<SwitchTarget target="" />
			<BindBuffer sampler="buf0" sourceRT="HDRBUF" bufIndex="0" />
			<BindBuffer sampler="buf1" sourceRT="BLURBUF1" bufIndex="0" />
			<DrawQuad material="pipelines/postHDR.material.xml" context="FINALPASS" />
			<UnbindBuffers />
		</Stage>
		
		<!-- Overlays -->
		<Stage id="Overlays">
			<DrawOverlays context="OVERLAY" />
		</Stage>
	</CommandQueue>
</Pipeline>
